date,year,permno,ticker,ret,ret_pred,me_last_year
2017-01-31,2017,83443,BRK,0.0071174604818224,0.007910683058795392,75732901.42778778
2017-01-31,2017,12369,GM,0.0508036874234676,0.00790861145494884,90118160.45753479
2017-01-31,2017,77418,TWX,0.0033150285016745,0.007902498687895049,95550910.28139305
2017-01-31,2017,18163,PG,0.049827504903078,0.007900524322806232,93937919.18344371
2017-01-31,2017,86783,PCLN,0.0743966400623321,0.007898428941946166,54965327.04051272
2017-01-31,2017,49154,TGT,-0.1072961315512657,0.007894147967794887,88721772.9667886
2017-01-31,2017,87055,COST,0.0239834878593683,0.007891924301566254,88536469.34099834
2017-01-31,2017,57665,NKE,0.0407239757478237,0.007890890965851138,233956089.20640436
2017-01-31,2017,89006,MDLZ,-0.0011279731988906,0.007889909314681632,50728497.83436712
2017-01-31,2017,77668,ESRX,0.0013082764344289,0.007886864456167103,76546285.55987422
2017-02-28,2017,86783,PCLN,0.0945953652262687,0.00794260708999119,54965327.04051272
2017-02-28,2017,83443,BRK,0.0443523749709129,0.007924314592995115,75732901.42778778
2017-02-28,2017,12369,GM,0.0062824240885674,0.007910166525812801,90118160.45753479
2017-02-28,2017,87055,COST,0.0834400504827499,0.007907298216848015,88536469.34099834
2017-02-28,2017,18163,PG,0.0396118871867656,0.007905919199624405,93937919.18344371
2017-02-28,2017,77418,TWX,0.0181982517242431,0.007902883700761114,95550910.28139305
2017-02-28,2017,77668,ESRX,0.0256969276815652,0.007899857000111027,76546285.55987422
2017-02-28,2017,57665,NKE,0.0805292651057243,0.007897310441877609,233956089.20640436
2017-02-28,2017,89525,CMCSA,-0.0076902923174202,0.007896805804726853,65567784.06689612
2017-02-28,2017,49154,TGT,-0.0792494192719459,0.00789249278906682,88721772.9667886
2017-03-31,2017,86783,PCLN,0.0323873274028301,0.007950735589316135,54965327.04051272
2017-03-31,2017,12369,GM,-0.0298588369041681,0.007903209444642805,90118160.45753479
2017-03-31,2017,77668,ESRX,-0.0670912638306617,0.007901047296159576,76546285.55987422
2017-03-31,2017,77418,TWX,-0.0050911311991512,0.007899579046678875,95550910.28139305
2017-03-31,2017,87055,COST,-0.053561296314001,0.007898886109305066,88536469.34099834
2017-03-31,2017,89006,MDLZ,-0.0147995529696345,0.007897468491923701,50728497.83436712
2017-03-31,2017,89525,CMCSA,0.0045430781319737,0.007896872685856803,65567784.06689612
2017-03-31,2017,18163,PG,-0.0133963022381067,0.00789468192123057,93937919.18344371
2017-03-31,2017,57665,NKE,-0.0218684449791908,0.00788938221995099,233956089.20640436
2017-03-31,2017,49154,TGT,-0.0609154626727104,0.007885507594578194,88721772.9667886
2017-04-30,2017,86783,PCLN,0.0375568009912967,0.007953260874392002,54965327.04051272
2017-04-30,2017,89006,MDLZ,0.0452645495533943,0.007904628663591373,50728497.83436712
2017-04-30,2017,77668,ESRX,-0.0693370252847671,0.007903871066611124,76546285.55987422
2017-04-30,2017,12369,GM,-0.0203620251268148,0.007902988807324396,90118160.45753479
2017-04-30,2017,77418,TWX,0.0159655883908271,0.007896896913564017,95550910.28139305
2017-04-30,2017,18163,PG,-0.0203716941177845,0.007896431216991667,93937919.18344371
2017-04-30,2017,89525,CMCSA,0.046754416078329,0.007892081586863081,65567784.06689612
2017-04-30,2017,87055,COST,0.0586200840771198,0.007891290258745265,88536469.34099834
2017-04-30,2017,57665,NKE,-0.005741964560002,0.007885605727478009,233956089.20640436
2017-04-30,2017,11308,KO,0.0167295690625906,0.007883618529808685,101360716.3763644
2017-05-31,2017,16429,LEXEA,0.0799005702137947,0.008669563225613698,82034348.99923198
2017-05-31,2017,83443,BRK,0.000423655117629,0.008075915259430742,75732901.42778778
2017-05-31,2017,70519,C,0.0240189787000417,0.008067342752198947,83854397.56217797
2017-05-31,2017,12369,GM,-0.0204965099692344,0.00806178807229313,90118160.45753479
2017-05-31,2017,86946,RAI,0.0426356606185436,0.008059089505012468,90737903.0055008
2017-05-31,2017,86783,PCLN,0.0163903459906578,0.007881650408713204,54965327.04051272
2017-05-31,2017,57665,NKE,-0.0436743944883346,0.007870101273952037,233956089.20640436
2017-05-31,2017,18163,PG,0.0087025593966245,0.007869758330967223,93937919.18344371
2017-05-31,2017,89525,CMCSA,0.0637917891144752,0.007869259423126466,65567784.06689612
2017-05-31,2017,77668,ESRX,-0.0259210970252752,0.007866885876988798,76546285.55987422
2017-06-30,2017,16429,LEXEA,0.0354610383510589,0.00812288897300021,82034348.99923198
2017-06-30,2017,83443,BRK,0.0247458629310131,0.00807705604808902,75732901.42778778
2017-06-30,2017,12369,GM,0.0406719706952571,0.008068109787901323,90118160.45753479
2017-06-30,2017,86946,RAI,-0.0252787973731756,0.008062135513439775,90737903.0055008
2017-06-30,2017,70519,C,0.1047240868210792,0.007979377447561263,83854397.56217797
2017-06-30,2017,86783,PCLN,-0.0035000699572265,0.007897723093049515,54965327.04051272
2017-06-30,2017,57665,NKE,0.1168144568800926,0.007888550759005759,233956089.20640436
2017-06-30,2017,18163,PG,-0.0106708463281393,0.007882192317738403,93937919.18344371
2017-06-30,2017,77668,ESRX,0.068451888859272,0.007875051072210062,76546285.55987422
2017-06-30,2017,87055,COST,-0.1136174723505973,0.007872781450552679,88536469.34099834
2017-07-31,2017,16429,LEXEA,0.0560903139412403,0.008427520894198012,82034348.99923198
2017-07-31,2017,12369,GM,0.0300600975751876,0.008202539774486869,90118160.45753479
2017-07-31,2017,83443,BRK,0.033063743263483,0.00816063851709455,75732901.42778778
2017-07-31,2017,16597,AYX,0.0307377241551876,0.008076652494751113,2790889.839205742
2017-07-31,2017,49154,TGT,0.0837635695934295,0.008060473142898136,88721772.9667886
2017-07-31,2017,25785,F,0.0160858538001775,0.008052973201776177,65379839.0863088
2017-07-31,2017,86783,PCLN,0.0844577848911285,0.008037324245911156,54965327.04051272
2017-07-31,2017,77668,ESRX,-0.0187970045953989,0.008036307365191352,76546285.55987422
2017-07-31,2017,18163,PG,0.0500240735709667,0.008022063096207057,93937919.18344371
2017-07-31,2017,70519,C,0.0234748777002096,0.008016546666527808,83854397.56217797
2017-08-31,2017,16429,LEXEA,-0.04136723279953,0.008138747139857067,82034348.99923198
2017-08-31,2017,12369,GM,0.015564240515232,0.008068858185161063,90118160.45753479
2017-08-31,2017,83443,BRK,0.0353775061666965,0.007974227178717107,75732901.42778778
2017-08-31,2017,86783,PCLN,-0.0869706869125366,0.007931299351895559,54965327.04051272
2017-08-31,2017,49154,TGT,-0.0268219411373138,0.007926909510529878,88721772.9667886
2017-08-31,2017,25785,F,-0.0169340930879116,0.00792231221064316,65379839.0863088
2017-08-31,2017,18163,PG,0.0159656126052141,0.007917597852044815,93937919.18344371
2017-08-31,2017,77668,ESRX,0.0028735680971294,0.007916882474740896,76546285.55987422
2017-08-31,2017,57665,NKE,-0.1026248559355735,0.007915459862903446,233956089.20640436
2017-08-31,2017,77418,TWX,-0.0128881046548485,0.0079075618211299,95550910.28139305
2017-09-30,2017,16429,LEXEA,-0.0288900714367628,0.00895192834513054,82034348.99923198
2017-09-30,2017,16597,AYX,-0.1364984810352325,0.00874623939626087,2790889.839205742
2017-09-30,2017,12369,GM,0.1154898777604103,0.0087359442373675,90118160.45753479
2017-09-30,2017,25785,F,0.0852221697568893,0.008641765866268362,65379839.0863088
2017-09-30,2017,49154,TGT,0.0821566060185432,0.008598378964702598,88721772.9667886
2017-09-30,2017,57665,NKE,-0.018178429454565,0.008571652440836018,233956089.20640436
2017-09-30,2017,86783,PCLN,-0.0114789912477135,0.008567406511534974,54965327.04051272
2017-09-30,2017,87842,MET,0.1093316003680229,0.008541918250173518,77161574.08103879
2017-09-30,2017,83443,BRK,0.0119231818243861,0.00853090505615711,75732901.42778778
2017-09-30,2017,77668,ESRX,0.0079592484980821,0.00852947744206906,76546285.55987422
2017-10-31,2017,16429,LEXEA,-0.1319902539253235,0.008468760666526106,82034348.99923198
2017-10-31,2017,12369,GM,0.0643882751464843,0.008108143685461254,90118160.45753479
2017-10-31,2017,83443,BRK,0.0197468623518943,0.008052529503804053,75732901.42778778
2017-10-31,2017,57665,NKE,0.060559369623661,0.008049716205292604,233956089.20640436
2017-10-31,2017,16597,AYX,0.1089837625622749,0.008030405535649284,2790889.839205742
2017-10-31,2017,25785,F,0.0375940017402172,0.008026886615659073,65379839.0863088
2017-10-31,2017,18163,PG,-0.0434206090867519,0.008024652737019026,93937919.18344371
2017-10-31,2017,49154,TGT,0.0005084323929622,0.008020788551770712,88721772.9667886
2017-10-31,2017,77668,ESRX,-0.0320593602955341,0.008019168136720538,76546285.55987422
2017-10-31,2017,77418,TWX,-0.0366763882339,0.008018648808352803,95550910.28139305
2017-11-30,2017,16429,LEXEA,-0.0221257414668798,0.008692745412564089,82034348.99923198
2017-11-30,2017,19502,WBA,0.1039687022566795,0.007974003379869254,94887768.49550183
2017-11-30,2017,12369,GM,0.0025593440514057,0.007916957836573913,90118160.45753479
2017-11-30,2017,57665,NKE,0.098745159804821,0.007896746722433864,233956089.20640436
2017-11-30,2017,77668,ESRX,0.0634687468409538,0.00789496666164185,76546285.55987422
2017-11-30,2017,25785,F,0.0203748978674411,0.007892795397763013,65379839.0863088
2017-11-30,2017,18163,PG,0.042274747043848,0.007889529720064152,93937919.18344371
2017-11-30,2017,49154,TGT,0.0250677615404129,0.007886544860352186,88721772.9667886
2017-11-30,2017,87055,COST,0.1480630189180374,0.007882368079605781,88536469.34099834
2017-11-30,2017,86783,PCLN,-0.0900907963514328,0.00787911075199969,54965327.04051272
2017-12-31,2017,16429,LEXEA,-0.0166370887309312,0.008849346192167854,82034348.99923198
2017-12-31,2017,57665,NKE,0.0385634079575538,0.007939235857587691,233956089.20640436
2017-12-31,2017,12369,GM,-0.039916418492794,0.007936918399950584,90118160.45753479
2017-12-31,2017,86783,PCLN,-0.0011323557700961,0.007922707586345636,54965327.04051272
2017-12-31,2017,25785,F,-0.002396220806986,0.007922432488437017,65379839.0863088
2017-12-31,2017,77668,ESRX,0.1451365351676941,0.007921095760618673,76546285.55987422
2017-12-31,2017,18163,PG,0.0210023280233144,0.00792073838818976,93937919.18344371
2017-12-31,2017,87055,COST,0.0091633815318346,0.007916762748530572,88536469.34099834
2017-12-31,2017,77418,TWX,-0.0004371207032818,0.0079134489185895,95550910.28139305
2017-12-31,2017,89525,CMCSA,0.0668619647622108,0.007909846910768173,65567784.06689612
2018-01-31,2018,76841,BIIB,0.0917851328849792,0.008312135177069462,207444101.05470213
2018-01-31,2018,57665,NKE,0.0906475111842155,0.008311677504514938,274562252.09642154
2018-01-31,2018,59328,INTC,0.0428942702710628,0.008309050613770987,86896332.69910876
2018-01-31,2018,12369,GM,0.0346425510942935,0.008308675317539573,73799883.06608327
2018-01-31,2018,87055,COST,0.0470126830041408,0.008307090072757027,89300797.02812576
2018-01-31,2018,76076,CSCO,0.0921671465039253,0.008305165587791105,66251581.30361494
2018-01-31,2018,66800,AIG,0.0728431716561317,0.008304272051171365,218982177.0087687
2018-01-31,2018,90319,GOOG,0.1222896724939346,0.008303514104643249,96655879.2264436
2018-01-31,2018,10145,HON,0.0411450006067752,0.008303321922042034,772814796.6197306
2018-01-31,2018,14008,AMGN,0.0698677971959114,0.008303138362487507,76843375.01900165
2018-02-28,2018,87842,MET,-0.030788455158472,0.008326819718438306,78983857.86800575
2018-02-28,2018,87055,COST,-0.0178067497909069,0.008311439295055774,89300797.02812576
2018-02-28,2018,57665,NKE,-0.0174436010420322,0.0083114237988863,274562252.09642154
2018-02-28,2018,19393,BMY,0.0575079657137393,0.008307379079997287,58625281.53248628
2018-02-28,2018,76076,CSCO,0.0779970586299896,0.008303200956776563,66251581.30361494
2018-02-28,2018,13928,COP,-0.0716714859008789,0.008302794330708345,115634157.66439788
2018-02-28,2018,18163,PG,-0.0905721560120582,0.008301870980590388,103921479.82613628
2018-02-28,2018,90319,GOOG,-0.0662312656641006,0.008300330735885639,96655879.2264436
2018-02-28,2018,14008,AMGN,-0.0051598963327705,0.008298810871740947,76843375.01900165
2018-02-28,2018,49656,BK,0.0058200708590447,0.008298582631521532,108720339.62966283
2018-03-31,2018,87842,MET,-0.0064948960207402,0.008397377833472988,78983857.86800575
2018-03-31,2018,12369,GM,-0.0668360441923141,0.008356476641869417,73799883.06608327
2018-03-31,2018,87055,COST,-0.0129387183114886,0.0083159215532389,89300797.02812576
2018-03-31,2018,57665,NKE,-0.0058182356879115,0.008313773142911393,274562252.09642154
2018-03-31,2018,90319,GOOG,-0.0604935362935066,0.0083103507703899,96655879.2264436
2018-03-31,2018,19393,BMY,-0.0445618890225887,0.00830658151255236,58625281.53248628
2018-03-31,2018,18163,PG,0.009679090231657,0.008305990776238904,103921479.82613628
2018-03-31,2018,77274,GILD,-0.0351835861802101,0.008304829160281049,86999408.45560582
2018-03-31,2018,14008,AMGN,-0.0723187029361724,0.008302492014529123,76843375.01900165
2018-03-31,2018,13928,COP,0.0916958078742027,0.008301343228812355,115634157.66439788
2018-04-30,2018,12369,GM,0.0110071962699294,0.008462311060342433,73799883.06608327
2018-04-30,2018,87842,MET,0.0387883819639682,0.00839109471919406,78983857.86800575
2018-04-30,2018,70519,C,0.0114073576405644,0.008332354773814369,88935093.29937808
2018-04-30,2018,19502,WBA,0.0149686224758625,0.008319904894412766,95138198.81623872
2018-04-30,2018,87055,COST,0.0463302619755268,0.008313607265582197,89300797.02812576
2018-04-30,2018,66800,AIG,0.0290334783494472,0.008311918860089404,218982177.0087687
2018-04-30,2018,90319,GOOG,-0.0178953632712364,0.008311706483100789,96655879.2264436
2018-04-30,2018,19393,BMY,-0.1694861501455307,0.00830935136538487,58625281.53248628
2018-04-30,2018,14008,AMGN,0.0234631635248661,0.008305472675023054,76843375.01900165
2018-04-30,2018,77274,GILD,-0.0419153198599815,0.008304305131647842,86999408.45560582
2018-05-31,2018,15408,KHC,0.0305959284305572,0.008451671493971583,920729627.3825722
2018-05-31,2018,87842,MET,-0.0264316461980342,0.008316906610099718,78983857.86800575
2018-05-31,2018,87055,COST,0.0083688469603657,0.00831285738923988,89300797.02812576
2018-05-31,2018,76841,BIIB,0.0744151473045349,0.00831058938927134,207444101.05470213
2018-05-31,2018,15579,TXN,0.1094351112842559,0.008305741037275192,97560864.43022601
2018-05-31,2018,90319,GOOG,0.0799347907304763,0.00830491641514814,96655879.2264436
2018-05-31,2018,18163,PG,0.0114736231043934,0.008303687411394627,103921479.82613628
2018-05-31,2018,59328,INTC,0.0751647055149078,0.008303511242897984,86896332.69910876
2018-05-31,2018,17830,UTX,0.0446941182017326,0.00830348446242705,145380.23771595955
2018-05-31,2018,19393,BMY,0.0093995369970798,0.008303120566813114,58625281.53248628
2018-06-30,2018,19502,WBA,-0.0380669981241226,0.008340582725603975,95138198.81623872
2018-06-30,2018,87842,MET,-0.0519678853452205,0.008322301207595263,78983857.86800575
2018-06-30,2018,87055,COST,0.054176703095436,0.008309603522622047,89300797.02812576
2018-06-30,2018,19393,BMY,0.051691398024559,0.00829864918430018,58625281.53248628
2018-06-30,2018,18163,PG,0.0668306648731231,0.008297795928690654,103921479.82613628
2018-06-30,2018,17830,UTX,0.0016824153717607,0.008296893370804498,145380.23771595955
2018-06-30,2018,11308,KO,0.0290697813034057,0.008296776827789194,113410091.15935135
2018-06-30,2018,76841,BIIB,-0.0126547878608107,0.008296459340654589,207444101.05470213
2018-06-30,2018,14008,AMGN,0.0276695322245359,0.008296407400485803,76843375.01900165
2018-06-30,2018,66093,T,-0.0064974962733685,0.008296301710348989,215089627.91433874
2018-07-31,2018,19502,WBA,0.1267183721065521,0.008369834047859891,95138198.81623872
2018-07-31,2018,87842,MET,0.0490826442837715,0.00834200533986816,78983857.86800575
2018-07-31,2018,59328,INTC,-0.0323878638446331,0.008308709841090983,86896332.69910876
2018-07-31,2018,87055,COST,0.0465595312416553,0.008307969957618533,89300797.02812576
2018-07-31,2018,14008,AMGN,0.0647922828793525,0.008304272762676907,76843375.01900165
2018-07-31,2018,90319,GOOG,0.0868144705891609,0.008303744780574164,96655879.2264436
2018-07-31,2018,17830,UTX,0.0856594964861869,0.008303220637777872,145380.23771595955
2018-07-31,2018,15579,TXN,0.0153287956491112,0.008303095092038153,97560864.43022601
2018-07-31,2018,76841,BIIB,0.1520466059446334,0.008302572226498361,207444101.05470213
2018-07-31,2018,12490,IBM,0.0374373346567153,0.008300394639308494,54101364.33327516
2018-08-31,2018,15408,KHC,-0.0224896185100078,0.008420494054502257,920729627.3825722
2018-08-31,2018,87842,MET,0.0124616893008351,0.008363988050020877,78983857.86800575
2018-08-31,2018,87055,COST,0.0685382336378097,0.008306748129396186,89300797.02812576
2018-08-31,2018,15970,ROSE,-0.0911161452531814,0.008301577216590124,103448137.99064
2018-08-31,2018,18163,PG,0.0255934689193964,0.00830094303748794,103921479.82613628
2018-08-31,2018,21936,PFE,0.0483345873653888,0.008300241434871191,92373098.76308441
2018-08-31,2018,15579,TXN,0.0097017772495746,0.008299666431907882,97560864.43022601
2018-08-31,2018,59328,INTC,0.0130977518856525,0.008299028116423725,86896332.69910876
2018-08-31,2018,90319,GOOG,0.0037320759147405,0.008297756979271412,96655879.2264436
2018-08-31,2018,26403,DIS,-0.0135611211881041,0.00829678079613883,78189204.3020935
2018-09-30,2018,15408,KHC,-0.0542303025722503,0.008476700186448359,920729627.3825722
2018-09-30,2018,87842,MET,0.0180867686867713,0.008361876450252199,78983857.86800575
2018-09-30,2018,87055,COST,0.007506541442126,0.008293676784620624,89300797.02812576
2018-09-30,2018,18163,PG,0.0033756047487258,0.008290030044594955,103921479.82613628
2018-09-30,2018,86783,BKNG,0.0166277829557657,0.008288005044838528,142072465.5495135
2018-09-30,2018,14008,AMGN,0.0374355427920818,0.008286511626517907,76843375.01900165
2018-09-30,2018,90319,GOOG,-0.0200682673603296,0.00828525485038895,96655879.2264436
2018-09-30,2018,12490,IBM,0.0322911739349365,0.008284921918336222,54101364.33327516
2018-09-30,2018,15579,TXN,-0.0454626381397247,0.008284822914751366,97560864.43022601
2018-09-30,2018,21936,PFE,0.0614161677658557,0.008284738962302113,92373098.76308441
2018-10-31,2018,15408,KHC,-0.0025403627660125,0.008553405606703174,920729627.3825722
2018-10-31,2018,87842,MET,-0.1183647811412811,0.008363001679919971,78983857.86800575
2018-10-31,2018,87055,COST,-0.0266093313694,0.008318044061350473,89300797.02812576
2018-10-31,2018,57665,NKE,-0.114258736371994,0.008316517828780718,274562252.09642154
2018-10-31,2018,18163,PG,0.0740982443094253,0.008307773144202547,103921479.82613628
2018-10-31,2018,15579,TXN,-0.1275980919599533,0.008304054160534062,97560864.43022601
2018-10-31,2018,90319,GOOG,-0.0965139046311378,0.008302970834810026,96655879.2264436
2018-10-31,2018,89525,CMCSA,0.0824625715613365,0.00830210114624666,136750771.1096891
2018-10-31,2018,12490,IBM,-0.2366245985031128,0.008301363942358439,54101364.33327516
2018-10-31,2018,59328,INTC,-0.0086699053645133,0.008300308799397024,86896332.69910876
2018-11-30,2018,15408,KHC,-0.0586684048175811,0.008528128134286933,920729627.3825722
2018-11-30,2018,66800,AIG,0.0474690981209278,0.008470459668493474,218982177.0087687
2018-11-30,2018,87842,MET,0.0937121286988258,0.008466908053010591,78983857.86800575
2018-11-30,2018,57665,NKE,0.0039978921413421,0.008323471640799473,274562252.09642154
2018-11-30,2018,87055,COST,0.0140838641673326,0.008314153410589178,89300797.02812576
2018-11-30,2018,90319,GOOG,0.0174861717969179,0.008310985984641955,96655879.2264436
2018-11-30,2018,12490,IBM,0.0901844948530197,0.008304536896408074,54101364.33327516
2018-11-30,2018,11552,CELG,0.0086592566221952,0.008303680444375659,193695379.24319777
2018-11-30,2018,15579,TXN,0.0756220668554306,0.008303420447782997,97560864.43022601
2018-11-30,2018,19393,BMY,0.0577759817242622,0.008303124534501485,58625281.53248628
2018-12-31,2018,15408,KHC,-0.1580594331026077,0.008664631713734152,920729627.3825722
2018-12-31,2018,12060,GE,0.0106666898354887,0.008626765004352083,59731992.71991348
2018-12-31,2018,17017,NES,-0.1229947060346603,0.008622368235515465,73837766.55342038
2018-12-31,2018,66800,AIG,-0.0813872888684272,0.008584032411566576,218982177.0087687
2018-12-31,2018,87842,MET,-0.0799910277128219,0.008477782551252599,78983857.86800575
2018-12-31,2018,57665,NKE,-0.0130458371713757,0.008406989886589021,274562252.09642154
2018-12-31,2018,11552,CELG,-0.1125727593898773,0.008392557753339575,193695379.24319777
2018-12-31,2018,12490,IBM,-0.0852981284260749,0.008390345311395191,54101364.33327516
2018-12-31,2018,87055,COST,-0.1192061230540275,0.008385142971424465,89300797.02812576
2018-12-31,2018,86783,BKNG,-0.0895722582936286,0.008384844246008155,142072465.5495135
2019-01-31,2019,15408,KHC,0.1166356950998306,0.008029663449411585,921890881.8408966
2019-01-31,2019,70519,C,0.2381866574287414,0.007874486332753013,73017188.28250027
2019-01-31,2019,11552,CELG,0.3802465796470642,0.0077898259122216925,215991145.0251738
2019-01-31,2019,87055,COST,0.0536056049168109,0.007780045862179559,73270619.12644577
2019-01-31,2019,40539,TJX,0.1115332543849945,0.007779385725472195,66818667.00689316
2019-01-31,2019,86783,BKNG,0.0640900656580925,0.007776733851656954,102549954.54279582
2019-01-31,2019,57665,NKE,0.1043970584869384,0.007774945383627325,305726117.9442304
2019-01-31,2019,10145,HON,0.087117850780487,0.007769010796530829,976717967.7019316
2019-01-31,2019,12490,IBM,0.1825459748506546,0.00776876861265047,84547497.51960246
2019-01-31,2019,90319,GOOG,0.0774479955434799,0.007768079228307993,124922077.34407552
2019-02-28,2019,15408,KHC,-0.309404969215393,0.007989962612809105,921890881.8408966
2019-02-28,2019,87267,BLK,0.0677941963076591,0.007786017165568787,113100810.78512955
2019-02-28,2019,86783,BKNG,-0.0740775167942047,0.007759702595540453,102549954.54279582
2019-02-28,2019,87055,COST,0.0218049697577953,0.007742748419119396,73270619.12644577
2019-02-28,2019,40539,TJX,0.0352905951440334,0.007740659030497129,66818667.00689316
2019-02-28,2019,57665,NKE,0.0470201037824153,0.007737862112042945,305726117.9442304
2019-02-28,2019,22752,MRK,0.0921671465039253,0.007734496342365993,103948294.20728175
2019-02-28,2019,18163,PG,0.021561125293374,0.007734193183562099,5379764.030489445
2019-02-28,2019,14008,AMGN,0.0236224755644798,0.007734040690625948,68461389.79249637
2019-02-28,2019,12490,IBM,0.0392799191176891,0.0077334667541947635,84547497.51960246
2019-03-31,2019,15408,KHC,-0.0042180507443845,0.008248753834852816,921890881.8408966
2019-03-31,2019,87267,BLK,-0.0283155236393213,0.007890581822157154,113100810.78512955
2019-03-31,2019,86783,BKNG,0.0282079353928565,0.007835897373923118,102549954.54279582
2019-03-31,2019,87055,COST,0.1069762855768203,0.007825515003776661,73270619.12644577
2019-03-31,2019,40539,TJX,0.0374341607093811,0.007822967938508963,66818667.00689316
2019-03-31,2019,57665,NKE,-0.0151639357209205,0.007815493016986119,305726117.9442304
2019-03-31,2019,90319,GOOG,0.0446850694715976,0.00781457338874752,124922077.34407552
2019-03-31,2019,22752,MRK,0.0298929419368505,0.007813794147685212,103948294.20728175
2019-03-31,2019,26403,DIS,-0.0160403903573751,0.007812910996591408,51516623.93044281
2019-03-31,2019,12490,IBM,0.0215014927089214,0.00781173325512886,84547497.51960246
2019-04-30,2019,87267,BLK,0.1354095935821533,0.007808280368606191,113100810.78512955
2019-04-30,2019,70519,C,0.13629050552845,0.007751576633240379,73017188.28250027
2019-04-30,2019,57665,NKE,0.0429878011345863,0.007737556540307034,305726117.9442304
2019-04-30,2019,86783,BKNG,0.0630863234400749,0.007736023157114223,102549954.54279582
2019-04-30,2019,40539,TJX,0.0313851162791252,0.007728961668341625,66818667.00689316
2019-04-30,2019,15408,KHC,0.0180704481899738,0.007727453129198201,921890881.8408966
2019-04-30,2019,87055,COST,0.0140001624822616,0.0077241972613797585,73270619.12644577
2019-04-30,2019,18163,PG,0.0305228270590305,0.007721039067900569,5379764.030489445
2019-04-30,2019,14008,AMGN,-0.0561111085116863,0.007720156484997418,68461389.79249637
2019-04-30,2019,12490,IBM,-0.0058823656290769,0.007719594546518634,84547497.51960246
2019-05-31,2019,87055,COST,-0.0215859450399875,0.007808565411766992,73270619.12644577
2019-05-31,2019,57665,NKE,-0.1192075833678245,0.007808563551940642,305726117.9442304
2019-05-31,2019,40539,TJX,-0.0794460624456405,0.007804162159472243,66818667.00689316
2019-05-31,2019,18163,PG,-0.0335274189710617,0.007800434423302775,5379764.030489445
2019-05-31,2019,90319,GOOG,-0.0771168023347854,0.007795859737589104,124922077.34407552
2019-05-31,2019,10145,HON,-0.048954714089632,0.007793856652798157,976717967.7019316
2019-05-31,2019,12490,IBM,-0.0831254422664642,0.007791214038094724,84547497.51960246
2019-05-31,2019,89525,CMCSA,-0.058120809495449,0.007789507498351768,141784294.94580078
2019-05-31,2019,55976,WMT,-0.0084596844390034,0.0077879487317453295,116746204.77028656
2019-05-31,2019,60097,MDT,0.0424502231180667,0.00778768756218348,273125478.67666274
2019-06-30,2019,57665,NKE,0.088281013071537,0.0078072161881209195,305726117.9442304
2019-06-30,2019,40539,TJX,0.0515012964606285,0.0078040167210440894,66818667.00689316
2019-06-30,2019,87055,COST,0.1030136421322822,0.007801319469548876,73270619.12644577
2019-06-30,2019,55976,WMT,0.0892152488231659,0.00779594420782389,116746204.77028656
2019-06-30,2019,18163,PG,0.0654940977692604,0.007795323540541599,5379764.030489445
2019-06-30,2019,10145,HON,0.0625646561384201,0.007793479864821399,976717967.7019316
2019-06-30,2019,12490,IBM,0.085912249982357,0.007792136025395787,84547497.51960246
2019-06-30,2019,90319,GOOG,-0.0214188434183597,0.00779140442919542,124922077.34407552
2019-06-30,2019,19393,BMY,-0.0004408300155773,0.007791225698578348,59369372.32716624
2019-06-30,2019,89525,CMCSA,0.031219482421875,0.00778303584698684,141784294.94580078
2019-07-31,2019,87055,COST,0.0430257879197597,0.00781912998083596,73270619.12644577
2019-07-31,2019,40539,TJX,0.0317700505256652,0.007814935277568096,66818667.00689316
2019-07-31,2019,18413,SLGG,-0.0970760658383369,0.007812691197634768,504164.6069469452
2019-07-31,2019,55976,WMT,-0.0009955707937479,0.007807465506784751,116746204.77028656
2019-07-31,2019,57665,NKE,0.0247766748070716,0.007806091820356186,305726117.9442304
2019-07-31,2019,90319,GOOG,0.1250460743904113,0.0078053954322563545,124922077.34407552
2019-07-31,2019,18163,PG,0.0833187326788902,0.007804942239303191,5379764.030489445
2019-07-31,2019,10145,HON,-0.0121999522671103,0.007803921133170347,976717967.7019316
2019-07-31,2019,12490,IBM,0.0749819576740264,0.007801504172326952,84547497.51960246
2019-07-31,2019,19393,BMY,-0.0116868503391742,0.007799616039009297,59369372.32716624
2019-08-31,2019,87055,COST,0.0717628896236419,0.007828811369652655,73270619.12644577
2019-08-31,2019,40539,TJX,0.0117302024737,0.007822460279803045,66818667.00689316
2019-08-31,2019,19393,BMY,0.0824138671159744,0.007822198246942724,59369372.32716624
2019-08-31,2019,11552,CELG,0.0537775121629238,0.007819581378342025,215991145.0251738
2019-08-31,2019,10145,HON,-0.0407051555812358,0.007815555575005677,976717967.7019316
2019-08-31,2019,55976,WMT,0.0399529337882995,0.007814750337574936,116746204.77028656
2019-08-31,2019,57665,NKE,-0.0152272321283817,0.007814056766645632,305726117.9442304
2019-08-31,2019,77274,GILD,-0.030219716951251,0.007811252646479814,83297278.6266969
2019-08-31,2019,12490,IBM,-0.0748111605644226,0.007811064200367924,84547497.51960246
2019-08-31,2019,21936,PFE,-0.0754377171397209,0.007807406748881384,96621336.6845398
2019-09-30,2019,15408,KHC,0.0946316197514534,0.008279735603117004,921890881.8408966
2019-09-30,2019,19502,WBA,0.0804845243692398,0.007867338067256221,84431652.4154752
2019-09-30,2019,87055,COST,-0.0225608088076114,0.007821170736242623,73270619.12644577
2019-09-30,2019,11552,CELG,0.0258264448493719,0.007820099213330899,215991145.0251738
2019-09-30,2019,10145,HON,0.0278216619044542,0.007818154172947442,976717967.7019316
2019-09-30,2019,77274,GILD,0.0073969173245131,0.007816505081800283,83297278.6266969
2019-09-30,2019,12490,IBM,0.0729727670550346,0.007812672187307678,84547497.51960246
2019-09-30,2019,57665,NKE,0.1114792674779892,0.007811476330590277,305726117.9442304
2019-09-30,2019,19393,BMY,0.0549198947846889,0.007810532694232493,59369372.32716624
2019-09-30,2019,21936,PFE,0.0106892008334398,0.007803905153562814,96621336.6845398
2019-10-31,2019,57665,NKE,-0.0465289093554019,0.007808031349522091,305726117.9442304
2019-10-31,2019,11552,CELG,0.0879153609275817,0.0078055544018929965,215991145.0251738
2019-10-31,2019,87055,COST,0.0334941521286964,0.007800815358082472,73270619.12644577
2019-10-31,2019,19393,BMY,0.1394202262163162,0.007798711717771785,59369372.32716624
2019-10-31,2019,77274,GILD,0.0052066585049033,0.007795625183574549,83297278.6266969
2019-10-31,2019,10145,HON,0.020862877368927,0.007794508495413289,976717967.7019316
2019-10-31,2019,12490,IBM,-0.0803878605365753,0.007792403727807596,84547497.51960246
2019-10-31,2019,15408,KHC,0.1573296040296554,0.007789536235906815,921890881.8408966
2019-10-31,2019,21936,PFE,0.0679097846150398,0.007788947303254813,96621336.6845398
2019-10-31,2019,14008,AMGN,0.1020102649927139,0.007788102294321825,68461389.79249637
2019-11-30,2019,15408,KHC,-0.0442314185202121,0.009225275205342446,921890881.8408966
2019-11-30,2019,18413,SLGG,-0.301272988319397,0.00871838098401042,504164.6069469452
2019-11-30,2019,16851,DWDP,-0.0121378554031252,0.008640141453432348,106481757.53612328
2019-11-30,2019,89393,NFLX,0.0948122888803482,0.008347229535119769,71187850.44200897
2019-11-30,2019,18321,THOR,0.3027656376361847,0.008304412547764647,5687034.165940046
2019-11-30,2019,60628,FDX,0.0484082214534282,0.008263932402811942,59981357.750504814
2019-11-30,2019,34833,OXY,-0.0476543270051479,0.008262054180384457,65123386.11391386
2019-11-30,2019,75825,EOG,0.022940469905734,0.008231447613535215,133843115.5895602
2019-11-30,2019,57665,NKE,0.0467336103320121,0.008227887221139117,305726117.9442304
2019-11-30,2019,12060,GE,0.1292586177587509,0.008226146116979919,50832507.78503927
2019-12-31,2019,15408,KHC,0.0534426569938659,0.008235272837134232,921890881.8408966
2019-12-31,2019,57665,NKE,0.0836453065276146,0.0078200413860922,305726117.9442304
2019-12-31,2019,87055,COST,-0.0196457225829362,0.007812620264343604,73270619.12644577
2019-12-31,2019,12490,IBM,-0.0030494881793856,0.007806460287116116,84547497.51960246
2019-12-31,2019,59328,INTC,0.0310077387839555,0.007799920916934735,95264314.1452802
2019-12-31,2019,14008,AMGN,0.0270535368472337,0.007799473750350176,68461389.79249637
2019-12-31,2019,13407,FB,0.017903197556734,0.00779833045097289,120907590.41973941
2019-12-31,2019,12308,CHTR,0.0320630967617034,0.007798239354671045,85088362.65170364
2019-12-31,2019,90319,GOOG,0.0270687211304903,0.007797002344355253,124922077.34407552
2019-12-31,2019,10145,HON,-0.0086810588836669,0.007796810776219164,976717967.7019316
2020-01-31,2020,40539,TJX,-0.0330822207033634,0.00817712536647114,69883628.97550201
2020-01-31,2020,18729,CL,0.0780070126056671,0.008164518372839992,1369979.8641620874
2020-01-31,2020,87447,UPS,-0.1156671866774559,0.008162428468973944,83770643.91785686
2020-01-31,2020,87055,COST,0.0394664369523525,0.008153559135487785,69955450.83943431
2020-01-31,2020,10104,ORCL,-0.0054737408645451,0.008152378034846343,168641074.88515854
2020-01-31,2020,57665,NKE,-0.0494521223008632,0.00815206404391254,358899945.33072215
2020-01-31,2020,61399,LOW,-0.0247996337711811,0.008147069574905207,51111537.95246506
2020-01-31,2020,48725,UNP,-0.0075778258033096,0.008146893054438102,326015980.80522794
2020-01-31,2020,66157,USB,-0.102378137409687,0.008146230478718005,224802714.74266306
2020-01-31,2020,22592,MMM,-0.1006688252091407,0.008146215461059036,379574533.71585846
2020-02-29,2020,57665,NKE,-0.0693147033452987,0.008790298924677028,358899945.33072215
2020-02-29,2020,70519,C,-0.1471576988697052,0.008783402857944041,77823578.20951875
2020-02-29,2020,38703,WFC,-0.1188751682639122,0.008780855656838754,64263280.98251661
2020-02-29,2020,14008,AMGN,-0.0681324079632759,0.008778292468033615,45541244.24554364
2020-02-29,2020,87055,COST,-0.0776707753539085,0.008777545316521924,69955450.83943431
2020-02-29,2020,76076,CSCO,-0.1313900500535965,0.008776906035007385,196013411.40939078
2020-02-29,2020,17478,SPGI,-0.0924318432807922,0.008776640528503596,82712700.25022666
2020-02-29,2020,66157,USB,-0.1273957639932632,0.008775544495932866,224802714.74266306
2020-02-29,2020,10145,HON,-0.058596022427082,0.00877512013049209,1434344747.0470593
2020-02-29,2020,86868,GS,-0.1502838879823684,0.008770185133863682,70362735.5032959
2020-03-31,2020,17478,SPGI,-0.0784475952386856,0.008787501038863136,82712700.25022666
2020-03-31,2020,70519,C,-0.3362748324871063,0.008783710762741656,77823578.20951875
2020-03-31,2020,57665,NKE,-0.0742895454168319,0.008783654571900251,358899945.33072215
2020-03-31,2020,10145,HON,-0.1750015765428543,0.008772895160158658,1434344747.0470593
2020-03-31,2020,87055,COST,0.0141921816393733,0.008772436771786267,69955450.83943431
2020-03-31,2020,38703,WFC,-0.2974295616149902,0.008771932729598246,64263280.98251661
2020-03-31,2020,66157,USB,-0.2491386383771896,0.008771677158562027,224802714.74266306
2020-03-31,2020,60097,MDT,-0.0988377705216407,0.008768786803201544,230096279.14951435
2020-03-31,2020,60442,PNC,-0.2427215129137039,0.008768625892736326,137522454.43107224
2020-03-31,2020,14008,AMGN,0.0150202773511409,0.008767112510803221,45541244.24554364
2020-04-30,2020,70519,C,0.1528965532779693,0.008785096001506317,77823578.20951875
2020-04-30,2020,60097,MDT,0.0826125219464302,0.008776039944697358,230096279.14951435
2020-04-30,2020,22752,MRK,0.0311930570751428,0.008775665205457315,90748239.25496292
2020-04-30,2020,22111,JNJ,0.1442079395055771,0.00876275800683719,202813879.5144237
2020-04-30,2020,87055,COST,0.065128169953823,0.008754155502477913,69955450.83943431
2020-04-30,2020,14008,AMGN,0.1799931228160858,0.00875220902728304,45541244.24554364
2020-04-30,2020,19393,BMY,0.0990312099456787,0.008742101289121517,14486305.613057818
2020-04-30,2020,65875,VZ,0.0806812047958374,0.008739029091163215,66717981.61344528
2020-04-30,2020,18163,PG,0.0787336602807045,0.008737714421095975,101865618.17998956
2020-04-30,2020,13407,FB,0.2272781878709793,0.008736881568480792,110584460.68304634
2020-05-31,2020,66157,USB,-0.0257533863186836,0.008960599545095314,224802714.74266306
2020-05-31,2020,17005,CVS,0.0653127655386924,0.008831982109569946,39734748.371800855
2020-05-31,2020,83443,BRK,-0.0095004206523299,0.008827848692399786,77072056.28619893
2020-05-31,2020,22752,MRK,0.017393559217453,0.008812982480017799,90748239.25496292
2020-05-31,2020,12490,IBM,0.0077254218049347,0.00880549080572623,111998434.24058788
2020-05-31,2020,60442,PNC,0.0690916180610656,0.008805205727350484,137522454.43107224
2020-05-31,2020,18163,PG,-0.0165436882525682,0.008802430875319052,101865618.17998956
2020-05-31,2020,22111,JNJ,-0.0018661244539543,0.00880200837609419,202813879.5144237
2020-05-31,2020,60097,MDT,0.0097306631505489,0.008798380602105775,230096279.14951435
2020-05-31,2020,87055,COST,0.0180528089404106,0.008797827076208443,69955450.83943431
2020-06-30,2020,12060,GE,0.0410958528518676,0.011030939003836069,192141233.97344938
2020-06-30,2020,19561,BA,0.2567706108093261,0.01088404874708463,37614354.88823827
2020-06-30,2020,38703,WFC,-0.032867357134819,0.01065709425285444,64263280.98251661
2020-06-30,2020,18578,KTB,0.218194231390953,0.010582735302084555,74329380.56995647
2020-06-30,2020,66157,USB,0.0472440458834171,0.010377479647161151,224802714.74266306
2020-06-30,2020,70519,C,0.0665831491351127,0.010051309455106648,77823578.20951875
2020-06-30,2020,16851,DD,0.0473093166947364,0.009916865240910087,118436061.13460095
2020-06-30,2020,11850,XOM,-0.0164943914860487,0.009611178779923813,212671674.98473072
2020-06-30,2020,13928,COP,-0.0037932633422315,0.00946293383125979,76460413.25648022
2020-06-30,2020,19502,WBA,-0.01280855294317,0.009418616301968118,137066442.3556404
2020-07-31,2020,12060,GE,-0.1112737581133842,0.010930247464972186,192141233.97344938
2020-07-31,2020,18578,KTB,0.075800135731697,0.010864587923118113,74329380.56995647
2020-07-31,2020,38703,WFC,-0.0523437559604644,0.010790731701298177,64263280.98251661
2020-07-31,2020,19561,BA,-0.1380251049995422,0.010490710920134726,37614354.88823827
2020-07-31,2020,70519,C,-0.0113502973690629,0.010375143969831658,77823578.20951875
2020-07-31,2020,66157,USB,0.0005431954632513,0.010325830576302153,224802714.74266306
2020-07-31,2020,13928,COP,-0.1001904085278511,0.009782797465198004,76460413.25648022
2020-07-31,2020,11850,XOM,-0.0590339750051498,0.009723548278084814,212671674.98473072
2020-07-31,2020,59408,BAC,0.0475789122283458,0.00946459283024034,232367457.86412558
2020-07-31,2020,47896,JPM,0.0369976796209812,0.009385695083723115,65191678.62825012
2020-08-31,2020,12060,GE,0.0444810502231121,0.01098787210412534,192141233.97344938
2020-08-31,2020,38703,WFC,-0.0004122262471355,0.010882343248142568,64263280.98251661
2020-08-31,2020,18578,KTB,0.1534447073936462,0.010532092061122657,74329380.56995647
2020-08-31,2020,19561,BA,0.0874684005975723,0.010337859305519816,37614354.88823827
2020-08-31,2020,70519,C,0.0221955738961696,0.009507605720282464,77823578.20951875
2020-08-31,2020,66157,USB,-0.0119435023516416,0.009370538641308494,224802714.74266306
2020-08-31,2020,47896,JPM,0.0367343015968799,0.009268898932301567,65191678.62825012
2020-08-31,2020,59408,BAC,0.0345659404993057,0.009246415398632654,232367457.86412558
2020-08-31,2020,60442,PNC,0.0424674116075038,0.009232648354576496,137522454.43107224
2020-08-31,2020,13928,COP,0.013372560031712,0.009225629718980373,76460413.25648022
2020-09-30,2020,12060,GE,-0.0157728921622037,0.011176889347342159,192141233.97344938
2020-09-30,2020,38703,WFC,-0.0265010111033916,0.011173737239794134,64263280.98251661
2020-09-30,2020,19561,BA,-0.0381795614957809,0.010884182290663832,37614354.88823827
2020-09-30,2020,18578,KTB,0.0950226411223411,0.010873253799500285,74329380.56995647
2020-09-30,2020,19502,WBA,-0.055234145373106,0.0093196823544575,137066442.3556404
2020-09-30,2020,18734,WORK,-0.1820949912071228,0.009307745991923981,63599009.4295241
2020-09-30,2020,17005,CVS,-0.0598840527236461,0.009152050211993352,39734748.371800855
2020-09-30,2020,70519,C,-0.1566901057958603,0.009144798533696727,77823578.20951875
2020-09-30,2020,11850,XOM,-0.1404606103897094,0.009132358795080002,212671674.98473072
2020-09-30,2020,77274,GILD,-0.0431460887193679,0.009129550895817625,111588611.68031311
2020-10-31,2020,38703,WFC,-0.0876222625374794,0.009857482791433524,64263280.98251661
2020-10-31,2020,19561,BA,-0.1262858211994171,0.009644616877938222,37614354.88823827
2020-10-31,2020,12060,GE,0.1910112500190735,0.009545904449398708,192141233.97344938
2020-10-31,2020,18578,KTB,0.3595041632652282,0.009367824610023195,74329380.56995647
2020-10-31,2020,18734,WORK,-0.047654528170824,0.00936621275683029,63599009.4295241
2020-10-31,2020,19502,WBA,-0.0523384548723697,0.009342916097607047,137066442.3556404
2020-10-31,2020,11850,XOM,-0.0498107448220253,0.009312030000290038,212671674.98473072
2020-10-31,2020,16851,DD,0.0252343472093343,0.00927331426960959,118436061.13460095
2020-10-31,2020,70519,C,-0.02737189643085,0.009268180564787674,77823578.20951875
2020-10-31,2020,17005,CVS,-0.0309931728988885,0.009193997451452149,39734748.371800855
2020-11-30,2020,38703,WFC,0.2797202467918396,0.009897369483270513,64263280.98251661
2020-11-30,2020,19561,BA,0.4593116343021393,0.009649461055233356,37614354.88823827
2020-11-30,2020,11850,XOM,0.1955856084823608,0.009533120083045321,212671674.98473072
2020-11-30,2020,12060,GE,0.3719676733016968,0.009446743863174213,192141233.97344938
2020-11-30,2020,70519,C,0.3295509815216064,0.009391146593142469,77823578.20951875
2020-11-30,2020,18734,WORK,0.6763096451759338,0.00932535773632607,63599009.4295241
2020-11-30,2020,19502,WBA,0.130361258983612,0.009278305100537815,137066442.3556404
2020-11-30,2020,13928,COP,0.3822501897811889,0.009221321718793661,76460413.25648022
2020-11-30,2020,18578,KTB,0.2665652334690094,0.009209827489728019,74329380.56995647
2020-11-30,2020,16851,DD,0.1206047385931015,0.009181064269990631,118436061.13460095
2020-12-31,2020,38703,WFC,0.1034734845161438,0.008879159017370998,64263280.98251661
2020-12-31,2020,13928,COP,0.0108695728704333,0.008764344555136794,76460413.25648022
2020-12-31,2020,11850,XOM,0.0810385569930076,0.008715787245178883,212671674.98473072
2020-12-31,2020,19502,WBA,0.0491976551711559,0.008639572698339914,137066442.3556404
2020-12-31,2020,19561,BA,0.015898585319519,0.008635539039523235,37614354.88823827
2020-12-31,2020,70519,C,0.1196658834815025,0.008568735007292777,77823578.20951875
2020-12-31,2020,83443,BRK,0.0129308085888624,0.008544226156466663,77072056.28619893
2020-12-31,2020,17005,CVS,0.0075232647359371,0.008517620190557379,39734748.371800855
2020-12-31,2020,59328,INTC,0.030403334647417,0.008488694909786827,83174511.27582805
2020-12-31,2020,16851,DD,0.1209016740322113,0.008475184339731375,118436061.13460095
2021-01-31,2021,38703,WFC,-0.0099403960630297,0.009105223008472569,74717085.63176727
2021-01-31,2021,17005,CVS,0.0563689358532428,0.008871907759085574,169741650.34219995
2021-01-31,2021,11850,XOM,0.0878214165568351,0.008853829862570923,230974493.54587302
2021-01-31,2021,83443,BRK,-0.0172510463744401,0.00885084929758027,131624874.4250819
2021-01-31,2021,87055,COST,-0.0646265894174575,0.008840355023911959,120312064.75971477
2021-01-31,2021,78975,INTU,-0.0474660918116569,0.008826570413343119,130190483.6617152
2021-01-31,2021,57665,NKE,-0.0557008907198905,0.00882317525692095,396320994.48596954
2021-01-31,2021,61399,LOW,0.0432372540235519,0.008818559271817258,120600869.97670364
2021-01-31,2021,18163,PG,-0.0728711560368537,0.008816679417730592,122409027.04721768
2021-01-31,2021,90319,GOOG,0.0426328107714653,0.00881394773039725,232745358.96374512
2021-02-28,2021,83443,BRK,0.0554702244699001,0.008968541059414662,131624874.4250819
2021-02-28,2021,38703,WFC,0.2138554006814956,0.008904966367824445,74717085.63176727
2021-02-28,2021,77178,QCOM,-0.1285512894392013,0.008904693127367492,53321954.91535314
2021-02-28,2021,87055,COST,-0.0588201731443405,0.008897591854242872,120312064.75971477
2021-02-28,2021,77274,GILD,-0.064024344086647,0.008894478705842822,162999268.48347983
2021-02-28,2021,78975,INTU,0.080032117664814,0.008886925367090204,130190483.6617152
2021-02-28,2021,17005,CVS,-0.0491277612745761,0.008882453545105714,169741650.34219995
2021-02-28,2021,57665,NKE,0.0109664080664515,0.008878597967261193,396320994.48596954
2021-02-28,2021,76076,CSCO,0.0065050940029323,0.00887314678355415,265359887.86250305
2021-02-28,2021,60097,MDT,0.0506601929664611,0.008863526001832092,334766535.229173
2021-03-31,2021,17005,CVS,0.1042126268148422,0.008792335004210339,169741650.34219995
2021-03-31,2021,87055,COST,0.0648942962288856,0.00876659855395622,120312064.75971477
2021-03-31,2021,77274,GILD,0.0641693100333213,0.00875187440214738,162999268.48347983
2021-03-31,2021,57665,NKE,-0.0140228476375341,0.008746077083018004,396320994.48596954
2021-03-31,2021,76076,CSCO,0.1524403840303421,0.008740575690083668,265359887.86250305
2021-03-31,2021,83443,BRK,0.0622011870145797,0.008739078600352109,131624874.4250819
2021-03-31,2021,90319,GOOG,0.0200849622488021,0.008737946793839574,232745358.96374512
2021-03-31,2021,60097,MDT,0.0148755749687552,0.008736735473561935,334766535.229173
2021-03-31,2021,87447,UPS,0.0770449414849281,0.008734278959421186,126204470.93907674
2021-03-31,2021,77178,QCOM,-0.0216609593480825,0.008733435193108737,53321954.91535314
2021-04-30,2021,57665,NKE,-0.002031787764281,0.008737090699581208,396320994.48596954
2021-04-30,2021,77274,GILD,-0.0179482605308294,0.008735120332359854,162999268.48347983
2021-04-30,2021,87055,COST,0.0578755810856819,0.008732294062137302,120312064.75971477
2021-04-30,2021,90319,GOOG,0.1410798281431198,0.008728715914626295,232745358.96374512
2021-04-30,2021,60097,MDT,0.108270563185215,0.00872758618784271,334766535.229173
2021-04-30,2021,76076,CSCO,-0.0083155911415815,0.008725664805995985,265359887.86250305
2021-04-30,2021,15579,TXN,-0.0394730456173419,0.008725310682269652,296130473.656929
2021-04-30,2021,87447,UPS,0.1992469727993011,0.00872199243720209,126204470.93907674
2021-04-30,2021,13407,FB,0.1037245392799377,0.008721640438432685,118637546.63449669
2021-04-30,2021,12308,CHTR,0.091455690562725,0.008721312707549009,111006476.34535694
2021-05-31,2021,19353,ORIC,-0.0530459508299827,0.009055638439213844,1383032.84887743
2021-05-31,2021,83443,BRK,0.0527004525065422,0.008929953895014794,131624874.4250819
2021-05-31,2021,17005,CVS,0.1314136236906051,0.008910345131673766,169741650.34219995
2021-05-31,2021,77178,QCOM,-0.0306917130947113,0.008783014870338345,53321954.91535314
2021-05-31,2021,19396,PTRS,0.0328947380185127,0.008771461205773613,139373878.0552384
2021-05-31,2021,57665,NKE,0.0310285910964012,0.008766874035989334,396320994.48596954
2021-05-31,2021,15579,TXN,0.0515761636197567,0.008762138089227453,296130473.656929
2021-05-31,2021,76076,CSCO,0.0390886217355728,0.008760347371314958,265359887.86250305
2021-05-31,2021,87055,COST,0.0166088659316301,0.008757163674633207,120312064.75971477
2021-05-31,2021,60097,MDT,-0.0330736488103866,0.008755731366477039,334766535.229173
2021-06-30,2021,83443,BRK,-0.0398009568452835,0.00889635161063077,131624874.4250819
2021-06-30,2021,17005,CVS,-0.0347061529755592,0.008780230000244707,169741650.34219995
2021-06-30,2021,19353,ORIC,-0.2258205562829971,0.008776177287495497,1383032.84887743
2021-06-30,2021,77178,QCOM,0.0674148947000503,0.008756177773743322,53321954.91535314
2021-06-30,2021,57665,NKE,0.1321266144514084,0.008746551799874915,396320994.48596954
2021-06-30,2021,15579,TXN,0.0130649860948324,0.008744417695039147,296130473.656929
2021-06-30,2021,19396,PTRS,0.0273885428905487,0.008742901349476754,139373878.0552384
2021-06-30,2021,60097,MDT,-0.0144561110064387,0.008739656831099308,334766535.229173
2021-06-30,2021,76076,CSCO,0.0018903302261605,0.008738835186916738,265359887.86250305
2021-06-30,2021,90319,GOOG,0.0360396020114421,0.00873814388625647,232745358.96374512
2021-07-31,2021,83443,BRK,0.0013313007075339,0.00889254500403935,131624874.4250819
2021-07-31,2021,17005,CVS,-0.006951124407351,0.008795532694620575,169741650.34219995
2021-07-31,2021,77178,QCOM,0.0480655618011951,0.008749512146061863,53321954.91535314
2021-07-31,2021,87055,COST,0.0880531445145607,0.00874462326798586,120312064.75971477
2021-07-31,2021,15579,TXN,-0.0034321786370128,0.008738298534788993,296130473.656929
2021-07-31,2021,10104,ORCL,0.123586893081665,0.008735797406009011,222016095.40700912
2021-07-31,2021,76076,CSCO,0.0516980923712253,0.008735273743508304,265359887.86250305
2021-07-31,2021,60097,MDT,0.0578425899147987,0.008734385838158984,334766535.229173
2021-07-31,2021,90319,GOOG,0.1035060286521911,0.008733263390200346,232745358.96374512
2021-07-31,2021,10145,HON,0.0658308044075965,0.008730380329526175,2022638925.446767
2021-08-31,2021,19353,ORIC,0.3267267644405365,0.009105666092758922,1383032.84887743
2021-08-31,2021,83443,BRK,0.0268783643841743,0.00888433837490245,131624874.4250819
2021-08-31,2021,17005,CVS,0.0489315055310726,0.008840890369842393,169741650.34219995
2021-08-31,2021,19396,PTRS,-0.0158192478120327,0.008826135475220242,139373878.0552384
2021-08-31,2021,77178,QCOM,-0.0207610186189413,0.00880721761932564,53321954.91535314
2021-08-31,2021,19655,STEP,0.0533948726952075,0.008801412645552236,6211885.63798741
2021-08-31,2021,19565,NCNO,-0.0245398990809917,0.00875674526668496,129383078.17328008
2021-08-31,2021,87055,COST,0.0599692575633525,0.00874595539471759,120312064.75971477
2021-08-31,2021,76076,CSCO,0.065920203924179,0.00874322771471266,265359887.86250305
2021-08-31,2021,59328,INTC,0.0127978427335619,0.00874265542690571,120922720.07336299
2021-09-30,2021,19353,ORIC,-0.0534178502857685,0.008941900722567732,1383032.84887743
2021-09-30,2021,83443,BRK,-0.044896200299263,0.008893196194462692,131624874.4250819
2021-09-30,2021,17005,CVS,-0.0177103690803051,0.008825157173231195,169741650.34219995
2021-09-30,2021,19396,PTRS,-0.0476463362574577,0.008785959910457032,139373878.0552384
2021-09-30,2021,77178,QCOM,-0.1160952076315879,0.00878426457889262,53321954.91535314
2021-09-30,2021,87055,COST,-0.0134799536317586,0.008753445732769814,120312064.75971477
2021-09-30,2021,59328,INTC,-0.0144284600391983,0.008751965996296376,120922720.07336299
2021-09-30,2021,76076,CSCO,-0.077770248055458,0.008749221775621149,265359887.86250305
2021-09-30,2021,60097,MDT,-0.0561881735920906,0.008748151218405428,334766535.229173
2021-09-30,2021,90319,GOOG,-0.076169230043888,0.00874588276943109,232745358.96374512
2021-10-31,2021,19353,ORIC,-0.2998565137386322,0.008976063659581755,1383032.84887743
2021-10-31,2021,83443,BRK,0.0515498183667659,0.008859931861866122,131624874.4250819
2021-10-31,2021,17005,CVS,0.0579778254032135,0.008781929075937521,169741650.34219995
2021-10-31,2021,77178,QCOM,0.0314777307212352,0.008762305063409425,53321954.91535314
2021-10-31,2021,87055,COST,0.0956492722034454,0.008739581962603644,120312064.75971477
2021-10-31,2021,19396,PTRS,0.044740006327629,0.008739328744175183,139373878.0552384
2021-10-31,2021,57665,NKE,0.151896983385086,0.008739189612566044,396320994.48596954
2021-10-31,2021,59328,INTC,-0.0803303122520446,0.008735696189351784,120922720.07336299
2021-10-31,2021,76076,CSCO,0.0350909605622291,0.00873316217246982,265359887.86250305
2021-10-31,2021,60097,MDT,-0.0437973514199256,0.008733064655669726,334766535.229173
2021-11-30,2021,83443,BRK,-0.0359569601714611,0.008889584049996048,131624874.4250819
2021-11-30,2021,89003,FIS,-0.0563481859862804,0.008811546635285475,106355487.4416631
2021-11-30,2021,77178,QCOM,0.3571858704090118,0.00877285384034344,53321954.91535314
2021-11-30,2021,17005,CVS,-0.0024641714990139,0.008764141022140425,169741650.34219995
2021-11-30,2021,19396,PTRS,0.1087962463498115,0.00876010715928583,139373878.0552384
2021-11-30,2021,87055,COST,0.0973267629742622,0.008750724480478079,120312064.75971477
2021-11-30,2021,57665,NKE,0.0116564780473709,0.008748388742501341,396320994.48596954
2021-11-30,2021,19393,BMY,-0.0816780850291252,0.008747039715491407,724579.9535393715
2021-11-30,2021,59328,INTC,0.0111734848469495,0.008745897160269158,120922720.07336299
2021-11-30,2021,60097,MDT,-0.1097947880625724,0.008745356431097194,334766535.229173
2021-12-31,2021,83443,BRK,0.080631747841835,0.008870472795641677,131624874.4250819
2021-12-31,2021,70519,C,-0.0519623458385467,0.008794423710741493,160634462.5400804
2021-12-31,2021,89003,FIS,0.0482296794652938,0.008779721930703343,106355487.4416631
2021-12-31,2021,17005,CVS,0.1583203077316284,0.008750369602377366,169741650.34219995
2021-12-31,2021,87055,COST,0.0525047406554222,0.008741676065322267,120312064.75971477
2021-12-31,2021,19393,BMY,0.162595510482788,0.008737019010762072,724579.9535393715
2021-12-31,2021,60097,MDT,-0.0245548281818628,0.008734907995038546,334766535.229173
2021-12-31,2021,57665,NKE,-0.0133834034204483,0.008734806502829798,396320994.48596954
2021-12-31,2021,76076,CSCO,0.1555433720350265,0.008734681576699965,265359887.86250305
2021-12-31,2021,87447,UPS,0.0805061310529708,0.008734253638148235,126204470.93907674
2022-01-31,2022,83443,BRK,0.0468895956873893,0.009222002283583747,157773965.91316733
2022-01-31,2022,70519,C,0.0783242806792259,0.009167862257787315,174321145.8869629
2022-01-31,2022,87055,COST,-0.1102166771888732,0.009162417544979862,120360314.22728477
2022-01-31,2022,66181,HD,-0.1157321482896804,0.009157354323846963,84514179.78183492
2022-01-31,2022,61241,AMD,-0.2060458362102508,0.009141803993629058,139732942.33880615
2022-01-31,2022,61399,LOW,-0.0786521360278129,0.009141310988541618,170475617.841156
2022-01-31,2022,89003,FIS,0.098671518266201,0.009136215640146503,111346467.5166626
2022-01-31,2022,90319,GOOG,-0.0659189969301223,0.00913139247280564,228943552.80558267
2022-01-31,2022,18163,PG,-0.0138171222060918,0.00912647671747664,139023170.54858908
2022-01-31,2022,15579,TXN,-0.0415450520813465,0.009125638755011123,183955496.03237152
2022-02-28,2022,83443,BRK,0.0269312616437673,0.009186783221440736,157773965.91316733
2022-02-28,2022,87055,COST,0.0295171439647674,0.009161997203979148,120360314.22728477
2022-02-28,2022,66181,HD,-0.1393809616565704,0.009153720159530048,84514179.78183492
2022-02-28,2022,92221,MELI,-0.0047789285890758,0.009136727866814371,144645446.58746338
2022-02-28,2022,61399,LOW,-0.0686328560113906,0.00913572421963883,170475617.841156
2022-02-28,2022,90319,GOOG,-0.0018218951299786,0.009128753286245026,228943552.80558267
2022-02-28,2022,15579,TXN,-0.0529277399182319,0.00912715551178036,183955496.03237152
2022-02-28,2022,22752,MRK,-0.0601374730467796,0.00912444860523227,94100762.7688853
2022-02-28,2022,76076,CSCO,0.0017963408026844,0.009122642420075128,247546047.23158774
2022-02-28,2022,57665,NKE,-0.0778010636568069,0.009121327803660543,388028550.54608154
2022-03-31,2022,89003,FIS,0.0594349950551986,0.009199373834771851,111346467.5166626
2022-03-31,2022,83443,BRK,0.0978690013289451,0.009184818356036899,157773965.91316733
2022-03-31,2022,87055,COST,0.1090033203363418,0.00917186484971861,120360314.22728477
2022-03-31,2022,70519,C,-0.0984298139810562,0.009145246408121461,174321145.8869629
2022-03-31,2022,77178,QCOM,-0.1075062379240989,0.009138572183504208,243344621.58200964
2022-03-31,2022,66181,HD,-0.0462274029850959,0.00913828960640802,84514179.78183492
2022-03-31,2022,22752,MRK,0.0804387703537941,0.009127240177698169,94100762.7688853
2022-03-31,2022,18163,PG,-0.0198216456919908,0.009122724641827345,139023170.54858908
2022-03-31,2022,57665,NKE,-0.012339842505753,0.009122440689470337,388028550.54608154
2022-03-31,2022,77274,GILD,-0.0036423963028937,0.009118611588062323,199214331.50227866
